Artist;Anger;Article;Death;Family;Friends;Home;I;Money;Negate;Negemo;Optim;Other;Othref;Posemo;Posfeel;Preps;Pronoun;Relig;Sad;School;Self;Sexual;Swear;We;You
Jayh;0.0029199922133540976;0.026604373499448445;0.00012977743170462656;0.0014924404646032056;0.004801764973071183;0.0011031081694893258;0.083057556290961;0.0020115501914217122;0.010966192979040943;0.015054182077736681;0.0007786645902277593;0.010187528388813186;0.0683927065083382;0.016092401531373694;0.008046200765686847;0.0581402894036727;0.16157290247226008;0.0006488871585231327;0.0045422101096619285;0.00045422101096619295;0.08584777107261048;0.0028551034975017845;0.0016871066121601453;0.002660437349944845;0.0527545259879307
Volumia!;0.0021468926553672315;0.04745762711864407;0.0005649717514124294;0.001694915254237288;0.0021468926553672315;0.0014689265536723165;0.11073446327683616;0.0010169491525423731;0.01401129943502825;0.01807909604519774;0.004632768361581921;0.008587570621468926;0.0592090395480226;0.03073446327683616;0.01774011299435028;0.0952542372881356;0.18621468926553672;0.00045197740112994344;0.00847457627118644;0.00022598870056497172;0.11502824858757063;0.006214689265536724;0.0005649717514124294;0.0040677966101694924;0.04384180790960452
JanSmit&Broederliefde;0.0033333333333333327;0.021666666666666667;0.0016666666666666668;0.0033333333333333327;0.0033333333333333327;0.0;0.07166666666666667;0.005;0.006666666666666667;0.01;0.0;0.0;0.05833333333333333;0.013333333333333334;0.005;0.055;0.145;0.0016666666666666668;0.005;0.0016666666666666668;0.07666666666666666;0.0016666666666666668;0.0016666666666666668;0.0033333333333333327;0.05333333333333334
PauldeLeeuw;0.0028366676619886533;0.04885786802030457;0.0007838160644968648;0.003023290534487907;0.0014183338309943267;0.0025753956404896985;0.0721484025082114;0.0017169304269931322;0.013436846819946252;0.020117945655419533;0.002762018512988952;0.010488205434458045;0.06255598686174978;0.020453866825918186;0.008472678411466109;0.07808300985368767;0.1489250522544043;0.0017915795759928337;0.00906987160346372;0.0010450880859958196;0.07599283368169603;0.003695132875485219;0.00014929829799940284;0.003396536279486414;0.04322185727082711
Yes-R;0.006880275211008441;0.04640185607424297;0.0008400336013440537;0.006200248009920397;0.0014800592023680947;0.0010800432017280689;0.07232289291571663;0.003080123204928197;0.010400416016640664;0.021480859234369376;0.002920116804672187;0.010040401616064643;0.06916276651066043;0.015200608024320971;0.003480139205568223;0.06912276491059642;0.15584623384935398;0.0008000320012800513;0.006080243209728389;0.0007600304012160486;0.0766030641225649;0.0022400896035841434;0.003480139205568223;0.0038401536061442453;0.0516020640825633
Clouseau;0.0024864916559078085;0.04222254100320375;0.001195428680724908;0.0017692344474728636;0.00023908573614498158;0.002103954478075838;0.08387127623965954;0.003299383158800746;0.012049921101707071;0.02347821928943719;0.0036819203366327173;0.015540572849423803;0.064983503084206;0.022760962081002246;0.008798355090135322;0.07301678381867738;0.16056998039496964;0.003729737483861713;0.011141395304356145;0.0006694400612059485;0.08755319657629226;0.00454262898675465;0.00014345144168698896;0.003299383158800746;0.04260507818103572
DavinaMichelle;0.007389162561576354;0.08620689655172414;0.0;0.0;0.0024630541871921183;0.0024630541871921183;0.054187192118226604;0.0024630541871921183;0.0049261083743842365;0.027093596059113302;0.0;0.0;0.04433497536945813;0.007389162561576354;0.007389162561576354;0.09359605911330048;0.11083743842364532;0.0;0.007389162561576354;0.0;0.061576354679802964;0.007389162561576354;0.0024630541871921183;0.0049261083743842365;0.036945812807881784
ReneFroger;0.0023961661341853034;0.04373003194888179;0.0;0.002595846645367412;0.005990415335463258;0.004592651757188497;0.07108626198083066;0.0017971246006389773;0.02156549520766773;0.02256389776357828;0.004792332268370607;0.0019968051118210857;0.06230031948881789;0.03154952076677316;0.021166134185303515;0.07967252396166134;0.150758785942492;0.0009984025559105429;0.01597444089456869;0.0;0.07488019169329073;0.007787539936102236;0.00019968051118210864;0.0033945686900958465;0.05171725239616613
Isookschitterend!;0.001669449081803005;0.07429048414023373;0.0;0.001669449081803005;0.0;0.0041736227045075115;0.0676126878130217;0.0;0.01335559265442404;0.015025041736227047;0.001669449081803005;0.005843071786310518;0.07679465776293823;0.02086811352253756;0.007512520868113524;0.07762938230383973;0.1636060100166945;0.0008347245409015025;0.009181969949916527;0.0008347245409015025;0.06844741235392321;0.0025041736227045075;0.0;0.0008347245409015025;0.051752921535893164
AliB;0.005151983513652756;0.038478876867594033;0.0005151983513652757;0.003670788253477589;0.0007405976300875837;0.0015133951571354972;0.06874678001030397;0.004379185986604843;0.009498969603297271;0.016550747037609483;0.0023183925811437398;0.011946161772282329;0.05956980937661;0.013491756826378156;0.0029945904173106644;0.07541215868109223;0.13958655332302936;0.000708397733127254;0.004507985574446162;0.0009337970118495619;0.07183797011849563;0.001062596599690881;0.0011269963936115404;0.002865790829469345;0.040346470891293146
CorryKonings;0.002218770800976259;0.031284668293765264;7.395902669920864e-05;0.004215664521854893;0.001848975667480216;0.001848975667480216;0.07736114192737223;0.0017010576140817984;0.014569928259744102;0.027956512092300864;0.0041417054951556845;0.0069521485097256116;0.06833814067006877;0.027290880852007992;0.015235559500036982;0.08083721618223504;0.15620146438872864;0.0008875083203905037;0.017010576140817985;0.0003697951334960432;0.0813549293691295;0.006434435322831151;0.0;0.0031802381480659715;0.05546927002440648
Frenna;0.0040226921093347075;0.02429087158329036;5.157297576070139e-05;0.002733367715317174;0.0018050541516245488;0.00041258380608561113;0.07802991232594121;0.003042805569881382;0.0057246003094378545;0.013512119649303765;0.0008767405879319237;0.008457968024755028;0.051985559566787014;0.007787519339865909;0.0031975244971634864;0.06400206291903042;0.13579164517792675;0.0015471892728210418;0.002423929860752965;0.0007220216606498196;0.08060856111397627;0.0010314595152140279;0.0007220216606498196;0.002475502836513667;0.04017534811758639
KennyB;0.000894054537326777;0.02279839070183281;0.00014900908955446285;0.0077484726568320655;0.003278199970198182;0.00029801817910892565;0.043659663239457615;0.0004470272686633885;0.006109372671732976;0.010281627179257936;0.002235136343316942;0.012367754433020416;0.042914617791685296;0.014304872597228431;0.007152436298614216;0.05602741767247802;0.09327969006109373;0.001639099985099091;0.003278199970198182;0.00014900908955446285;0.04589479958277455;0.001788109074653554;0.0;0.002235136343316942;0.027417672478021158
DeSjonnies;0.003151515151515152;0.061575757575757575;0.0009696969696969696;0.005575757575757576;0.0026666666666666666;0.0019393939393939393;0.05551515151515152;0.001696969696969697;0.012363636363636365;0.013818181818181818;0.0014545454545454545;0.008;0.03684848484848485;0.02012121212121212;0.004848484848484849;0.09309090909090907;0.09915151515151516;0.0;0.007272727272727274;0.0;0.05915151515151515;0.002424242424242424;0.0004848484848484848;0.003151515151515152;0.019151515151515152
PaterMoeskroen;0.002482856467249941;0.057342161267439115;0.0011823126034523528;0.0021872783163868533;0.0012414282336249704;0.003133128399148735;0.044336722629463234;0.0017734689051785294;0.011409316623315204;0.013833057460392529;0.0011231969732797352;0.015074485694017497;0.0455781508630882;0.015961220146606763;0.00425632537242847;0.07897848191061717;0.1018562307874202;0.002601087727595176;0.004138094112083235;0.001300543863797588;0.04871127926223694;0.0022463939465594703;0.0002955781508630882;0.0027193189879404114;0.0194490423267912
Sef;0.0029590327024131427;0.058364369164838524;0.00020407122085607882;0.0017346053772766695;0.0008162848834243152;0.000969338299066374;0.06157849089332178;0.002856997091985103;0.007703688587316973;0.0163256976684863;0.0012244273251364724;0.007040457119534719;0.04683434518647008;0.01474414570685169;0.005305851742258048;0.0653027906739452;0.12024896688944442;0.0009183204938523543;0.005560940768328146;0.0007652670782102954;0.06234375797153206;0.003928371001479515;0.0010713739094944136;0.00045916024692617717;0.03688587316973624
StefBos;0.003502461188943582;0.0797519878833775;0.0020352139341158646;0.0034078000757288905;0.0006626277925028399;0.0033131389625141987;0.06914994320333206;0.003360469519121545;0.011785308595229079;0.02224536160545248;0.0014672472548277167;0.02054146156758804;0.051732298371828855;0.014530480878455132;0.00473305566073457;0.08027262400605831;0.136501325255585;0.004827716773949262;0.009797425217720559;0.0011359333585762971;0.0732203710715638;0.0034078000757288905;0.0004259750094661113;0.003786444528587656;0.021772056039379026
LangeFrans;0.006490621915103653;0.06080947680157945;0.0011599210266535044;0.005009871668311946;0.0028381046396841066;0.0013820335636722605;0.060414610069101676;0.002936821322803554;0.009106614017769002;0.018460019743336626;0.00384995064165844;0.01031589338598223;0.053010858835143136;0.018040473840078973;0.005256663376110564;0.07956564659427444;0.12657946692991115;0.0012092793682132279;0.0040967423494570575;0.0017769002961500497;0.06315399802566632;0.0023938795656465945;0.002492596248766041;0.00234452122408687;0.0361796643632774
DeKraaien;0.003903635958063797;0.03212134731206781;0.00011153245594467994;0.002230649118893598;0.0003345973678340397;0.003345973678340397;0.03970555431630605;0.003345973678340397;0.01215703769797011;0.010149453490965871;0.0005576622797233995;0.004795895605621236;0.08732991300468436;0.0227526210127147;0.0014499219272808388;0.08119562792772697;0.14019629712246265;0.0003345973678340397;0.0026767789426723177;0.0005576622797233995;0.042939995538701765;0.0010037921035021189;0.0021191166629489183;0.003122908766451037;0.07718045951371849
WillekeAlberti;0.0012626262626262627;0.036616161616161616;0.0;0.005050505050505051;0.006944444444444444;0.002525252525252525;0.06881313131313131;0.0031565656565656565;0.017676767676767676;0.02083333333333333;0.0006313131313131314;0.0037878787878787884;0.04166666666666666;0.027146464646464648;0.013257575757575758;0.08270202020202021;0.1268939393939394;0.0006313131313131314;0.011994949494949494;0.0018939393939393942;0.07512626262626262;0.0037878787878787884;0.0;0.006313131313131313;0.02525252525252525
Extince;0.0044438548782914375;0.04768853220136632;0.00046428334549313525;0.006102009683624063;0.0005306095377064404;0.0015255024209060155;0.0579027658022153;0.0013928500364794056;0.007295881143463555;0.013862174172580751;0.0020561119586124557;0.01107647409962194;0.053127279962857335;0.01293360748159448;0.0011275452676261855;0.07448431385554155;0.1223718246335478;0.0006632619221330503;0.003316309610665252;0.0012601976520527954;0.059494594415334626;0.0007295881143463554;0.0007959143065596604;0.0015255024209060155;0.03807123433043709
DoeMaar;0.002829931972789116;0.04076190476190476;0.0009251700680272107;0.008816326530612244;0.0005986394557823129;0.0034285714285714284;0.06198639455782313;0.0009795918367346938;0.01491156462585034;0.02106122448979592;0.0011972789115646258;0.013931972789115649;0.05616326530612245;0.014040816326530613;0.003156462585034013;0.07401360544217687;0.13708843537414964;0.0005442176870748299;0.00908843537414966;0.0017959183673469388;0.06644897959183674;0.0021224489795918368;0.002285714285714286;0.004299319727891157;0.03374149659863945
RobDeNijs;0.0023741040040177143;0.05697849609642515;0.0006848376934666484;0.005706980778888737;0.0014609870793955164;0.00424599369949322;0.0701730356572159;0.002328448157786605;0.012235766789937451;0.01702963064420399;0.003561156006026572;0.01734922156782176;0.05958087933159841;0.019038487878372826;0.006437474318586495;0.08546774414463773;0.1411678765465918;0.00429164954572433;0.0074875587819020215;0.0012327078482399672;0.07327763320093138;0.004109026160799891;4.565584623110989e-05;0.002602383235173264;0.033785326211021316
MarcoBorsato;0.0015983725661145017;0.054925893635571064;0.0002906131938390003;0.00038748425845200037;0.0007749685169040007;0.002954567470696503;0.08432626174561657;0.0018405502276470016;0.011333914559721013;0.01869611547030902;0.004746682166037005;0.007507507507507507;0.07749685169040008;0.029061319383900032;0.015160321611934513;0.08723239368400659;0.17616003099874067;0.0015983725661145017;0.01012302625205851;0.0002906131938390003;0.0877651845393781;0.0054247796183280045;4.8435532306500046e-05;0.0032936161968420037;0.06156156156156156
Nick&Simon;0.002294831165992788;0.043310385021673406;0.0002549812406658653;0.001712016901613667;0.0004735365898080356;0.0015298874439951915;0.06334462535970567;0.000874221396568681;0.010272101409682002;0.014788911958620187;0.003023348996466689;0.008377955050449859;0.0514333588314574;0.015990966378902124;0.0065930863657888035;0.07674935344042545;0.12843769351254872;0.0010563508541871565;0.007139474738644228;0.0007649437219975957;0.06687793683750409;0.0030597748879903834;3.6425891523695035e-05;0.003278330237132554;0.03835646377445088
KraantjePappie;0.0048274530357783245;0.04584701111693471;0.0009654906071556649;0.0065653361286585185;0.0014344431877741305;0.001710297646961463;0.04935036274861383;0.0048274530357783245;0.00766875396540785;0.015089238917547104;0.0048274530357783245;0.009461807950125514;0.051970980110893496;0.017240903699208297;0.004358500455159857;0.07139113403768171;0.11321067005048135;0.0012413450663429975;0.002868886375548261;0.000496538026537199;0.05161236931394996;0.00336542440208546;0.002951642713304461;0.002124079335742462;0.03842652616479545
HetGoedeDoel;0.004601371020753122;0.04939430932481923;0.0009390553103577801;0.003662315710395342;0.004037937834538454;0.004037937834538454;0.07503051929758663;0.0035684101793595647;0.01746642877265471;0.024791060193445395;0.0021598272138228947;0.015870034745046484;0.052681002911071466;0.019156728331298712;0.008169781200112686;0.0828246783735562;0.14198516292609634;0.0012207719034651142;0.011832096910508029;0.000657338717250446;0.07531223589069397;0.0025354493379660067;9.3905531035778e-05;0.00028171659310733397;0.02882899802798385
Nielson;0.0029034436191762323;0.05300472653612424;0.00020256583389601619;0.0011478730587440918;0.0008777852802160702;0.004253882511816341;0.07515192437542201;0.0006752194463200541;0.010938555030384874;0.012761647535449021;0.0031060094530722484;0.01262660364618501;0.06076975016880486;0.01991897366644159;0.006482106684672519;0.08082376772451047;0.14841323430114786;0.00040513166779203237;0.004253882511816341;0.00040513166779203237;0.07954085077650236;0.0017555705604321405;0.0008102633355840649;0.0033085752869682645;0.039365293720459146
Hakkûhbar;0.013750592697961118;0.028923660502607876;0.0;0.009957325746799429;0.0;0.002844950213371266;0.05547652916073969;0.002370791844476055;0.006164058795637743;0.017543859649122806;0.0;0.006638217164532954;0.026552868658131817;0.01469890943575154;0.0;0.09151256519677572;0.09009009009009007;0.0;0.001422475106685633;0.0018966334755808442;0.0564248458985301;0.0;0.0018966334755808442;0.0009483167377904221;0.013750592697961118
Raymtzer;0.011570247933884295;0.04132231404958678;0.0;0.003305785123966942;0.003305785123966942;0.001652892561983471;0.0743801652892562;0.001652892561983471;0.003305785123966942;0.021487603305785124;0.003305785123966942;0.019834710743801654;0.06942148760330577;0.014876033057851241;0.001652892561983471;0.07603305785123966;0.17355371900826447;0.001652892561983471;0.006611570247933884;0.003305785123966942;0.08429752066115702;0.0;0.004958677685950414;0.009917355371900829;0.03636363636363636
DJMadman;0.0;0.02247191011235955;0.003210272873194221;0.0;0.0;0.0016051364365971107;0.08667736757624397;0.0;0.0016051364365971107;0.03531300160513644;0.014446227929373997;0.009630818619582664;0.12038523274478333;0.05136436597110754;0.02568218298555377;0.04654895666131621;0.21348314606741567;0.0;0.0016051364365971107;0.0;0.08667736757624397;0.0016051364365971107;0.0;0.0;0.11075441412520064
FreekdeJonge;0.005207328833172613;0.07463837994214079;0.01022179363548698;0.013500482160077144;0.0013500482160077145;0.0013500482160077145;0.05130183220829315;0.002700096432015429;0.01022179363548698;0.026229508196721308;0.004243008678881389;0.010607521697203472;0.0476374156219865;0.020057859209257477;0.007135969141755062;0.0879459980713597;0.10684667309546768;0.004050144648023143;0.007135969141755062;0.0005785920925747347;0.058437801350048224;0.0015429122468659595;0.0011571841851494694;0.006557377049180328;0.024108003857280614
RonnieFlex;0.004160363086232979;0.037734202257651575;0.00046549517048760614;0.002327475852438031;0.0016001396485511466;0.0017456068893285232;0.08393459792854649;0.002705690678459211;0.009164436168974749;0.012888397532875595;0.0021529151635051786;0.011491912021412778;0.06269638077504948;0.009135342720819272;0.0018037937856394738;0.06735133247992553;0.15701733969510065;0.0018910741301059;0.004305830327010357;0.0011346444780635401;0.08600023274758524;0.0011346444780635401;0.002182008611660654;0.0018619806819504246;0.0469277318747818
MarianneWeber;0.0022837184309511017;0.04406233207952714;0.0;0.0022837184309511017;0.001477700161203654;0.0018807092960773774;0.07240730789897905;0.003492745835572273;0.013164965072541644;0.026732939279957013;0.0024180548092423426;0.008597528210639442;0.06851155292853305;0.0400322407307899;0.02256851155292853;0.07684040838259;0.15341214400859754;0.006985491671144546;0.017598065556152606;0.0004030091348737238;0.07898979043524987;0.007925846319183236;0.0;0.005642127888232133;0.04795808704997313
K3;0.0020654462983962416;0.045804309087963714;0.00016199578810950914;0.002105945245423619;0.0012554673578486961;0.0010529726227118095;0.05560505426858902;0.0006074842054106592;0.00716831362384578;0.01133970516766564;0.0018224526162319782;0.005548355742750689;0.06269236999838004;0.025919326097521463;0.010408229386035963;0.08168637615421999;0.13259355256763325;0.0010934715697391868;0.004211890490847238;0.0008909768346023004;0.06321885630973595;0.003725903126518711;0.0;0.006641827312489875;0.042807387007937785
Josylvio;0.002224592412006705;0.03763522779216821;0.0009142160597287826;0.007100411397226878;0.0017370105134846866;0.0007923205850982782;0.07076032302300778;0.003900655188176139;0.010757275636142007;0.011336279140636904;0.0010665854030169131;0.007892731982325157;0.0393722383056529;0.007466097821118391;0.0023769617552948353;0.08709431662349536;0.11601401797958252;0.0004875818985220174;0.004083498400121895;0.001797958250799939;0.07176596068870943;0.0007618467164406523;0.0011275331403321652;0.0010056376657016607;0.029712021941185437
OmeHenk;0.00387382401770891;0.054233536247924735;0.0;0.0005534034311012729;0.0011068068622025458;0.002213613724405091;0.07692307692307693;0.004427227448810182;0.011068068622025456;0.018262313226342003;0.0016602102933038186;0.006087437742114001;0.022689540675152185;0.006640841173215274;0.0005534034311012729;0.09518539014941893;0.10846707249584947;0.0005534034311012729;0.0016602102933038186;0.0;0.07802988378527947;0.0005534034311012729;0.0;0.0011068068622025458;0.008854454897620366
DeDijk;0.0027919514778087995;0.07942620583421585;0.0012515644555694619;0.0037065562722634064;0.0011552902666795034;0.0014441128333493789;0.05049581207278329;0.0012515644555694619;0.014104168672378938;0.018436507172427074;0.0015403870222393376;0.00967555598344084;0.047126215461634736;0.0193029748724367;0.005632040050062578;0.08529893135650332;0.11755078463463944;0.0023587176278039856;0.008327717338981421;0.00014441128333493792;0.05266198132280736;0.0015403870222393376;0.00028882256666987584;0.0015403870222393376;0.03143352267257148
Brainpower;0.007436007436007437;0.037037037037037035;0.0009438009438009437;0.0031746031746031746;0.0018876018876018879;0.0008866008866008868;0.039182039182039184;0.002345202345202345;0.00960960960960961;0.02090662090662091;0.0023166023166023165;0.004261404261404261;0.04936364936364936;0.013613613613613613;0.004032604032604033;0.07367367367367368;0.10204490204490203;0.0014586014586014586;0.0052052052052052045;0.0010582010582010585;0.039611039611039615;0.0018876018876018879;0.003632203632203632;0.00040040040040040036;0.042328042328042326
AcdaenDeMunnik;0.002253098009763425;0.05816330788167062;0.0014186172654066008;0.0047148162056160564;0.0017941336003671714;0.0032544749029916136;0.07343430550340051;0.0015437893770601245;0.011223766011599282;0.020736846497267074;0.003171026828555931;0.012642383277005884;0.053782283973797314;0.02641131555889348;0.011265490048817123;0.06775983644177411;0.14403137647598782;0.0026286143447239955;0.00938790837401427;0.00104310093044603;0.07572912755038178;0.002419994158634789;0.0002920682605248884;0.002127925898109901;0.034630950890808185
OsdorpPosse;0.011244348338903086;0.050599567525063886;0.0022803223904069195;0.0020051110674267738;0.0013760566149007276;0.001100845291920582;0.03715352860231964;0.005071751523491252;0.012030666404560644;0.026263023392962454;0.002162374680558286;0.012816984470218205;0.06923530568114802;0.016434047572242972;0.003656379005307647;0.08154118340868881;0.11865539610772555;0.001533320228032239;0.00530764694318852;0.0018085315510123843;0.04419107528995479;0.004599960684096717;0.005386278749754276;0.005897385492431689;0.045724395517987015
AndréVanDuin;0.0011297114100852418;0.0415596864194995;0.00034233679093492183;0.004929649789462874;0.0032864331929752487;0.004655780356714936;0.04967306836465715;0.0026359932901988976;0.00866112081065352;0.01027010372804765;0.0007531409400568279;0.008866522885214475;0.04036150765122728;0.016945671151278627;0.004484611961247475;0.07230153024545548;0.10249563520591558;0.00044503782821539835;0.003936873095751601;0.00044503782821539835;0.05378110985587621;0.0006162062236828592;3.4233679093492176e-05;0.0033891342302557253;0.02365547225360309
Esko;0.002973712382538361;0.031759248245509686;0.00035684548590460334;0.007850600689901274;0.002973712382538361;0.0014273819436184134;0.06803853931247769;0.002378969906030689;0.010824313072439634;0.009991673605328892;0.00107053645771381;0.009277982633519685;0.04829308909242298;0.006661115736885929;0.0017842274295230163;0.07339122160104675;0.12323064113238967;0.00035684548590460334;0.002378969906030689;0.0009515879624122756;0.06934697276079457;0.0017842274295230163;0.00214107291542762;0.0011894849530153446;0.03687403354347568
Jiskefet;0.002333722287047841;0.05017502917152858;0.0011668611435239206;0.003500583430571762;0.0011668611435239206;0.0;0.1061843640606768;0.002333722287047841;0.004667444574095682;0.01750291715285881;0.0;0.010501750291715286;0.043173862310385065;0.040840140023337225;0.005834305717619603;0.07934655775962661;0.1633605600933489;0.021003500583430573;0.009334889148191364;0.0011668611435239206;0.1061843640606768;0.008168028004667444;0.0;0.0;0.026837806301050177
HenkWestbroek;0.00448601698959626;0.04438293404600554;0.0009544716999140976;0.004581464159587668;0.0027679679297508827;0.00410422830963062;0.07005822277369476;0.005345041519518946;0.020998377398110148;0.020902930228118736;0.0024816264197766533;0.013076262288823136;0.060990741624510826;0.02691610193757755;0.008113009449269829;0.08676147752219146;0.14708408895676242;0.0027679679297508827;0.008017562279278419;0.0006681301899398683;0.0713944831535745;0.004295122649613439;0.0;0.0013362603798797365;0.039133339696478
MaaikeOuboter;0.0017510068289266331;0.04937839257573105;0.00017510068289266332;0.0008755034144633164;0.00017510068289266332;0.004027315706531256;0.06916476974260201;0.0015759061460339696;0.006303624584135878;0.01698476624058834;0.002976711609175276;0.015934162143232358;0.07827000525302047;0.017334967606373666;0.0059534232183505505;0.09700577832253546;0.15601470845736298;0.0005253020486779899;0.0066538259499212046;0.0008755034144633164;0.07161617930309927;0.0022763088776046225;0.00017510068289266332;0.0021012081947119595;0.050428996673087034
RuthJacott;0.00178903678259625;0.042650636897094606;0.0005724917704308;0.00293402032345785;0.0005724917704308;0.00093029912695005;0.08723343351939315;0.0011449835408616;0.011235150994704452;0.0191784743094318;0.004866180048661801;0.003864319450407901;0.061972234149134116;0.0236152855302705;0.00894518391298125;0.09059682267067412;0.16516387576928582;0.00093029912695005;0.00894518391298125;0.0005724917704308;0.0910261914984972;0.00508086446257335;0.0;0.0027193359095463;0.051381136396164304
Henkwijngaard;0.0014976465554129225;0.04728284124946513;0.0008557980316645273;0.002781343602909713;0.001069747539580659;0.011125374411638855;0.0733846812152332;0.003851091142490373;0.0094137783483098;0.01433461703038083;0.003423192126658109;0.013692768506632437;0.03187847667950364;0.013906718014548566;0.0040650406504065045;0.11082584510055626;0.11596063329054344;0.00021394950791613182;0.006204535729567822;0.0;0.07595207531022677;0.003851091142490373;0.0006418485237483952;0.002567394094993581;0.014120667522464696
BrigitteKaandorp;0.007935138864930136;0.04761083318958082;0.0022425392444367772;0.0010350181128169745;0.0053475935828877;0.003105054338450923;0.06348111091944109;0.0025875452820424355;0.01811281697429705;0.02173538036915646;0.0008625150940141452;0.016042780748663103;0.05744350526134207;0.013455235466620663;0.00362256339485941;0.10298430222528894;0.12851474900810764;0.0010350181128169745;0.006900120752113162;0.0005175090564084871;0.06572365016387786;0.0015525271692254615;0.0010350181128169745;0.0022425392444367772;0.034673106779368634
GerardJoling;0.0008299903167796375;0.04122285240005533;0.00013833171946327292;0.0004149951583898188;0.0008299903167796375;0.001659980633559275;0.0944805643934154;0.0005533268778530917;0.011066537557061834;0.02130308479734403;0.0037349564255083688;0.0012449854751694564;0.048277770092682255;0.031401300318162954;0.015493152579886569;0.10416378475584452;0.1542398672015493;0.0019366440724858211;0.010098215520818923;0.00013833171946327292;0.09793885737999723;0.011619864434914926;0.0;0.0027666343892654584;0.04066952552220224
DeBoswachters;0.003929273084479371;0.0550098231827112;0.0;0.0;0.0;0.0;0.07858546168958742;0.003929273084479371;0.06286836935166994;0.003929273084479371;0.0;0.005893909626719057;0.019646365422396856;0.0;0.0;0.0412573673870334;0.10216110019646366;0.0;0.0;0.0;0.0825147347740668;0.0;0.0;0.0;0.001964636542239685
SlimmeSchemer;0.0;0.03996101364522417;0.0;0.0038986354775828462;0.0009746588693957113;0.0009746588693957113;0.08869395711500974;0.0;0.0019493177387914231;0.006822612085769979;0.0009746588693957113;0.006822612085769979;0.04775828460038986;0.0029239766081871343;0.0;0.056530214424951264;0.14132553606237816;0.0;0.0019493177387914231;0.0019493177387914231;0.08869395711500974;0.0009746588693957113;0.0;0.0;0.03996101364522417
JeroenVanDerBoom;0.002649963864129125;0.044166064402152094;0.0002409058058299205;0.002007548381916004;8.030193527664017e-05;0.0011242270938729624;0.0905805829920501;0.00032120774110656067;0.017024010278647715;0.020236087689713318;0.0035332851521721674;0.0036938890227254475;0.06809604111459086;0.024732996065205168;0.010680157391793142;0.0889745442865173;0.17224765116839316;0.0018469445113627238;0.008672609009877139;0.0008030193527664018;0.09162450815064643;0.0053802296635348905;0.0;0.0008030193527664018;0.061109772745523164
GlennisGrace;0.0020530048525569237;0.04628592758491975;0.0007465472191116088;0.002799552071668533;0.0026129152668906306;0.0003732736095558044;0.0936916759985069;0.0003732736095558044;0.013251213139231057;0.02500933184023889;0.003919372900335946;0.005785740948114969;0.06980216498693542;0.021649869354236656;0.008025382605449796;0.07465472191116088;0.18047779022023144;0.0016797312430011195;0.014557670772676373;0.0001866368047779022;0.09667786487495332;0.0018663680477790218;0.0001866368047779022;0.0022396416573348264;0.0593505039193729
AndréHazes;0.001999818198345605;0.036178529224615945;0.0004090537223888738;0.003681483501499864;0.002863376056722116;0.00327242977911099;0.08971911644395962;0.0038632851558949187;0.01490773566039451;0.0191800745386783;0.0025452231615307693;0.006090355422234343;0.06376693027906552;0.023679665484955915;0.009499136442141624;0.07085719480047269;0.16566675756749386;0.0010908099263703301;0.010862648850104536;0.0004090537223888738;0.09149168257431142;0.0021816198527406603;9.09008271975275e-05;0.001636214889555495;0.05067721116262158
Lil'Kleine;0.005048057507471125;0.03210564574751636;0.000646151360956304;0.006623051449802115;0.005451902108068815;0.00323075680478152;0.08504967288587352;0.005694208868427429;0.010015346094822712;0.017607624586059283;0.001938454082868912;0.009490348114045716;0.06946127130280268;0.015628786043130602;0.00605766900896535;0.07160164768597044;0.16630320652612873;0.000646151360956304;0.005411517648009046;0.0010903804216137632;0.08622082222760681;0.001938454082868912;0.001898069622809143;0.0010903804216137632;0.056820935304094974
Bizzey;0.0019643396796615287;0.028105167724388036;0.0;0.00536415835599879;0.001662133575098217;0.0018887881535207007;0.06497431248111211;0.0026443034149289816;0.007630704140223632;0.02138108189785434;0.0007555152614082803;0.0077062556663644605;0.05772136597159262;0.015185856754306438;0.0019643396796615287;0.06172559685705651;0.128739800543971;0.0006044122091266245;0.0018887881535207007;0.00030220610456331223;0.06588093079480206;0.002417648836506497;0.002266545784224841;0.0008310667875491085;0.04782411604714415
GersPardoel;0.001968684186429814;0.045737569819613584;0.0005951835912462229;0.003708451606995697;0.0015566340078747368;0.003296401428440619;0.08515703690138265;0.002197600952293746;0.010392821170222506;0.02110612581265452;0.0023807343649848915;0.011262704880505448;0.04724842047431554;0.016390440435857526;0.004715685376796996;0.09330647376613864;0.14444647926014098;0.002060250892775387;0.014467539602600497;0.0007783170039373684;0.08808717150444098;0.0023807343649848915;0.0005494002380734365;0.002930134603058328;0.029255562677410495
BLØF;0.002327935222672065;0.06396761133603239;0.0007591093117408907;0.0024291497975708503;0.0005566801619433198;0.0024291497975708503;0.06923076923076922;0.0016194331983805667;0.015941295546558706;0.01589068825910931;0.00465587044534413;0.012246963562753036;0.04736842105263158;0.02019230769230769;0.005819838056680161;0.08577935222672065;0.13562753036437247;0.004048582995951417;0.005617408906882591;0.00020242914979757084;0.07327935222672065;0.002834008097165992;0.00010121457489878542;0.003694331983805668;0.027125506072874492
Brace;0.004248088360237893;0.03200226564712546;0.0011328235627301047;0.005097706032285472;0.0033984706881903144;0.0;0.08524497309544038;0.004814500141602946;0.0118946474086661;0.023506088926649675;0.002548853016142736;0.0016992353440951572;0.06853582554517132;0.02124044180118946;0.004531294250920419;0.07958085528178986;0.16709147550269046;0.001416029453412631;0.007646559048428207;0.0005664117813650524;0.08609459076748796;0.004248088360237893;0.0033984706881903144;0.0005664117813650524;0.06513735485698102
WolterKroes;0.0013543253766717454;0.05129507364144235;0.00016929067208396818;0.0011850347045877774;0.002708650753343491;0.0011850347045877774;0.10766886744540376;0.00016929067208396818;0.01675977653631285;0.019807008633824275;0.003216522769595395;0.0016929067208396814;0.07042491958693076;0.03064161164719824;0.016929067208396816;0.08125952260030472;0.1931606568478077;0.0015236160487557134;0.008125952260030472;0.0016929067208396814;0.11342475029625868;0.008803114948366345;0.0;0.005755882850854918;0.06229896732690029
EvaDeRoovere;0.0055529847292919935;0.04720037019898195;0.0009254974548819992;0.0013882461823229984;0.003239241092086997;0.003239241092086997;0.08121240166589543;0.0006941230911614992;0.008329477093937991;0.02336881073577048;0.0027764923646459968;0.010411846367422487;0.06987505784359092;0.021749190189726982;0.00971772327626099;0.07612216566404442;0.16288755205923186;0.0009254974548819992;0.006247107820453493;0.0009254974548819992;0.08537714021286441;0.002545118000925497;0.0;0.003933364183248496;0.04534937528921795
MissMontreal;0.002400960384153661;0.03361344537815126;0.0;0.003601440576230492;0.0;0.0;0.06962785114045618;0.0;0.0;0.020408163265306117;0.01680672268907563;0.002400960384153661;0.06842737094837935;0.0312124849939976;0.006002400960384154;0.0744297719087635;0.15606242496998798;0.0;0.014405762304921969;0.0012004801920768304;0.08523409363745499;0.0;0.0012004801920768304;0.012004801920768308;0.04441776710684274
DePoema's;0.0032993401319736052;0.05698860227954409;0.0014997000599880025;0.0020995800839832034;0.0011997600479904018;0.0026994601079784047;0.08848230353929214;0.002999400119976005;0.02369526094781044;0.02609478104379124;0.0026994601079784047;0.01169766046790642;0.035992801439712056;0.024595080983803242;0.007498500299940013;0.06778644271145771;0.15236952609478105;0.00029994001199760045;0.010797840431913616;0.0017996400719856032;0.09028194361127774;0.007798440311937612;0.0;0.0014997000599880025;0.020695860827834436
DiggyDex;0.0024495312104062844;0.05997128135822283;0.00033786637384914265;0.004561196046963426;0.00033786637384914265;0.0011825323084719993;0.06436354421826168;0.0019427316496325702;0.009122392093926852;0.014274854295126278;0.007939859785454853;0.012247656052031422;0.05110228904468283;0.023988512543289132;0.005490328575048569;0.08666272489230509;0.13345721767041135;0.0006757327476982853;0.00506799560773714;0.0018582650561702848;0.06799560773713996;0.0016048652757834276;0.0009291325280851424;0.003547596925415998;0.033448771011065116
Maan;0.0;0.02245123297754877;0.0;0.0014722119985277882;0.0014722119985277882;0.001104158998895841;0.08722856091277144;0.0007361059992638941;0.011409642988590356;0.020242914979757085;0.002208317997791682;0.0007361059992638941;0.10231873389768127;0.0180345969819654;0.00883327199116673;0.07103422892896577;0.21494295178505704;0.001104158998895841;0.01361796098638204;0.001104158998895841;0.08980493191019506;0.00368052999631947;0.0;0.002576370997423629;0.0986382039013618
Jebroer;0.0037583892617449664;0.04214765100671141;0.002953020134228188;0.008590604026845637;0.005100671140939597;0.0031543624161073825;0.08953020134228187;0.004161073825503354;0.011208053691275168;0.019194630872483225;0.0022147651006711407;0.009798657718120805;0.0485234899328859;0.012885906040268456;0.00436241610738255;0.08006711409395974;0.14973154362416108;0.00261744966442953;0.0051677852348993285;0.0028859060402684567;0.09402684563758387;0.0010738255033557046;0.0008724832214765099;0.004228187919463087;0.03174496644295302
Broederliefde;0.003465675945436398;0.03210602195852279;0.0005545081512698237;0.005905511811023622;0.00257846290340468;0.0010258400798491738;0.06019185982033936;0.004103360319396695;0.008761228790063214;0.015304424975047134;0.0014139957857380505;0.009676167239658423;0.054896306975712544;0.009925695907729844;0.003160696462237995;0.07441499390041034;0.1229344571365199;0.0018853277143174004;0.003493401352999889;0.0011921925252301208;0.06232671620272817;0.0014139957857380505;0.001081290894976156;0.0019962293445713653;0.041865365420871686
Boef;0.004824344383968332;0.03299727857496289;0.0004638792676892627;0.011411429985155864;0.0032471548738248392;0.002164769915883226;0.08303438891637803;0.008040573973280554;0.011009401286491836;0.01456580900544285;0.001979218208807521;0.01382360217714003;0.05353166749134092;0.012833993072736269;0.0020719940623453734;0.0797872340425532;0.14330776843146956;0.000896833250865908;0.0033090054428500737;0.0018555170707570511;0.08442602671944582;0.001206086095992083;0.001793666501731816;0.0013297872340425534;0.035409450766947057
Veldhuis&Kemper;0.005874169114237131;0.04730251970938321;0.0009275003864584944;0.0029370845571185657;0.002164167568403153;0.0012366671819446589;0.08131086721286132;0.002318750966146236;0.015922089967537488;0.019013757922399132;0.0024733343638893178;0.015149172978822074;0.06461586025660844;0.024115010047920854;0.006647086102952543;0.07280878033699181;0.17066007110836295;0.0013912505796877415;0.005874169114237131;0.0004637501932292472;0.08471170196320915;0.006337919307466378;0.001545833977430824;0.0034008347503478127;0.042974184572576915
RoxeanneHazes;0.0031625553447185324;0.027514231499051238;0.0;0.001265022137887413;0.004111321948134092;0.002530044275774826;0.09044908285895004;0.0006325110689437065;0.015812776723592662;0.02024035420619861;0.005376344086021507;0.003478810879190386;0.06767868437697659;0.021821631878557873;0.005692599620493359;0.05882352941176471;0.1752055660974067;0.0;0.009487666034155596;0.00031625553447185326;0.09171410499683744;0.0009487666034155598;0.001265022137887413;0.001265022137887413;0.06198608475648324
DefRhymz;0.004597197898423818;0.041812609457092816;0.0006567425569176883;0.0037215411558669;0.0028458844133099825;0.0010945709281961473;0.059325744308231176;0.004597197898423818;0.012040280210157616;0.01576182136602452;0.0010945709281961473;0.013353765323992994;0.05823117338003503;0.029115586690017518;0.008318739054290718;0.06895796847635728;0.125;0.0;0.0028458844133099825;0.0006567425569176883;0.06414185639229422;0.004159369527145359;0.001970227670753065;0.0048161120840630465;0.03261821366024518
ThePartysquad;0.013749787811916485;0.032761840095060266;0.00033950093362756747;0.0023765065353929717;0.0017823799015447292;0.00042437616703445936;0.049821762009845526;0.0022916313019860804;0.0047530130707859435;0.019266677983364452;0.0005941266338482429;0.007129519606178917;0.04617212697334918;0.009421150908164998;0.001867255134951621;0.06442030215583093;0.11025292819555252;0.00033950093362756747;0.001867255134951621;0.00025462570022067563;0.05194364284501783;0.0011033780342895943;0.012476659310813105;0.002121880835172297;0.0365812255983704
EllentenDamme;0.004809794490599038;0.0594665500655881;0.0013117621337997375;0.00043725404459991256;0.0013117621337997375;0.0;0.09663314385658067;0.0008745080891998251;0.02273721031919545;0.021862702229995628;0.010931351114997814;0.006558810668998688;0.06689986882378662;0.034980323567993;0.011368605159597726;0.07520769567118496;0.1818976825535636;0.00043725404459991256;0.009182334936598164;0.0021862702229995625;0.1010056843025798;0.004809794490599038;0.00043725404459991256;0.004372540445999125;0.04678618277219064
3js;0.003003566735498405;0.07668481321569362;0.0016895062887178525;0.0022526750516238033;0.0008447531443589262;0.0014079219072648769;0.0657030223390276;0.0010324760653275763;0.007978224141167637;0.0186784306363807;0.006570302233902759;0.006570302233902759;0.057537075276891315;0.029284775671109438;0.012483574244415242;0.0873850197109067;0.1360052562417871;0.004036042800825981;0.006570302233902759;0.0005631687629059508;0.06955134221888493;0.004036042800825981;9.386146048432514e-05;0.00328515111695138;0.045616669795382016
DeKast;0.0019905999447055573;0.062150953829140175;0.00022117777163395083;0.0009952999723527786;0.0006082388719933648;0.002267072159247996;0.08095106441802599;0.002820016588332873;0.013270666298037049;0.013160077412220072;0.003428255460326237;0.016311860658003868;0.054354437379043406;0.01680951064418026;0.0049764998617638926;0.08930052529720763;0.15355266795687034;0.002820016588332873;0.005031794304672379;0.0006082388719933648;0.08233342549073817;0.0035388443461432132;5.529444290848771e-05;0.001105888858169754;0.03107547691457008
Linda,Roos&Jessica;0.001557632398753894;0.020249221183800625;0.0;0.003115264797507788;0.0;0.0;0.0514018691588785;0.0;0.037383177570093455;0.020249221183800625;0.00778816199376947;0.0;0.08722741433021806;0.03582554517133956;0.018691588785046728;0.08099688473520249;0.1806853582554517;0.0;0.010903426791277258;0.0;0.0514018691588785;0.004672897196261682;0.0;0.0;0.08255451713395638
Fluitsma&VanTijn;0.0;0.05617977528089888;0.0;0.00749063670411985;0.003745318352059925;0.003745318352059925;0.0;0.05617977528089888;0.018726591760299626;0.011235955056179777;0.003745318352059925;0.02247191011235955;0.0599250936329588;0.011235955056179777;0.003745318352059925;0.09737827715355804;0.06741573033707865;0.0;0.003745318352059925;0.0;0.0;0.0;0.0;0.0;0.033707865168539325
BaasB;0.0053431976983148366;0.05219893136046034;0.0;0.004932182490752158;0.0012330456226880395;0.002055076037813399;0.07850390464447185;0.0008220304151253597;0.007398273736128238;0.011508425811755036;0.0016440608302507194;0.006576243321002878;0.0690505548705302;0.009453349773941636;0.00041101520756267986;0.0752157829839704;0.15824085491163173;0.0008220304151253597;0.002877106452938759;0.0008220304151253597;0.0793259350595972;0.003699136868064119;0.004932182490752158;0.00041101520756267986;0.0612412659268393
GuusMeeuwis;0.0017030430690628785;0.060278761260251876;0.00044816922870075744;0.0018823107605431808;0.0016134092233227267;0.002957916909424999;0.07403755658136513;0.002330479989243939;0.013624344552503026;0.015013669161475372;0.003092367678035226;0.00990453995428674;0.05808273203961816;0.02778649217944696;0.012369470712140904;0.08282167346389997;0.14498274548469506;0.0015237753775825752;0.008201496885223859;0.0004033523058306817;0.081656433469278;0.0046161430556178025;4.481692287007574e-05;0.006498453816160982;0.03836328597678483
FransBauer;0.002407910241303345;0.041241866898919004;0.0001536963983810646;0.0017418925149853988;0.001229571187048517;0.0015881961166043345;0.07054664685690866;0.001229571187048517;0.014242532916645319;0.0247451201393514;0.002920231569240228;0.0034325528971771093;0.05640657820585071;0.03166145806649931;0.018187407141759312;0.0768481991905323;0.13612377683282956;0.0016394282493980225;0.01767508581382243;0.000512321327936882;0.07766791331523132;0.004867052615400379;0.0;0.006506480864798402;0.04288129514831703
